,goals_per_match,assists_per_match,yellowCards,redCards
0,-0.36022899615392157,-0.296512571611293,-0.49932762890198484,-0.061138749485678094
1,-0.36022899615392157,1.4011401137711392,2.719138002304752,-0.061138749485678094
2,0.700638791118981,-0.296512571611293,3.6737676386796316,-0.061138749485678094
3,1.496289631573658,2.6743796278079635,-0.49932762890198484,-0.061138749485678094
4,-0.36022899615392157,-0.296512571611293,-0.49932762890198484,-0.061138749485678094
5,0.700638791118981,1.4011401137711392,-0.49932762890198484,-0.061138749485678094
6,1.1249859060281422,2.0802011879241125,-0.49932762890198484,-0.061138749485678094
7,-0.36022899615392157,-0.296512571611293,1.0008046568299689,-0.061138749485678094
8,-0.36022899615392157,-0.296512571611293,1.8736088958012873,-0.061138749485678094
9,0.700638791118981,1.4011401137711392,-0.49932762890198484,-0.061138749485678094
10,-0.36022899615392157,3.664677027614382,-0.49932762890198484,-0.061138749485678094
11,-0.36022899615392157,-0.296512571611293,-0.49932762890198484,-0.061138749485678094
12,-0.36022899615392157,-0.296512571611293,-0.49932762890198484,-0.061138749485678094
13,-0.36022899615392157,-0.296512571611293,-0.49932762890198484,-0.061138749485678094
14,-0.36022899615392157,-0.296512571611293,-0.49932762890198484,-0.061138749485678094
15,-0.36022899615392157,-0.296512571611293,-0.49932762890198484,-0.061138749485678094
16,-0.36022899615392157,2.6743796278079635,2.5827623399654835,-0.061138749485678094
17,1.496289631573658,-0.296512571611293,-0.49932762890198484,-0.061138749485678094
18,1.496289631573658,-0.296512571611293,-0.49932762890198484,-0.061138749485678094
19,-0.36022899615392157,-0.296512571611293,-0.49932762890198484,-0.061138749485678094
20,0.700638791118981,-0.296512571611293,-0.49932762890198484,-0.061138749485678094
21,-0.36022899615392157,-0.296512571611293,-0.49932762890198484,-0.061138749485678094
22,1.496289631573658,-0.296512571611293,-0.49932762890198484,-0.061138749485678094
23,-0.36022899615392157,-0.296512571611293,-0.49932762890198484,-0.061138749485678094
24,-0.36022899615392157,-0.296512571611293,-0.49932762890198484,-0.061138749485678094
25,7.065845514756397,-0.296512571611293,4.301095685440267,-0.061138749485678094
26,-0.36022899615392157,-0.296512571611293,-0.49932762890198484,-0.061138749485678094
27,-0.36022899615392157,-0.296512571611293,0.5916776698121634,-0.061138749485678094
28,-0.36022899615392157,-0.296512571611293,-0.49932762890198484,-0.061138749485678094
29,-0.36022899615392157,-0.296512571611293,-0.03565037694847183,-0.061138749485678094
30,-0.36022899615392157,-0.296512571611293,-0.49932762890198484,-0.061138749485678094
31,-0.36022899615392157,2.6743796278079635,-0.49932762890198484,-0.061138749485678094
32,-0.36022899615392157,-0.296512571611293,2.0099845581405558,-0.061138749485678094
33,1.496289631573658,-0.296512571611293,2.0645348230762632,-0.061138749485678094
34,-0.36022899615392157,-0.296512571611293,2.0099845581405558,-0.061138749485678094
35,-0.36022899615392157,-0.296512571611293,-0.49932762890198484,-0.061138749485678094
36,-0.36022899615392157,-0.296512571611293,-0.49932762890198484,-0.061138749485678094
37,-0.36022899615392157,-0.296512571611293,-0.49932762890198484,-0.061138749485678094
38,-0.36022899615392157,-0.296512571611293,-0.49932762890198484,-0.061138749485678094
39,-0.36022899615392157,-0.296512571611293,0.6735030672157245,-0.061138749485678094
40,-0.36022899615392157,-0.296512571611293,-0.49932762890198484,-0.061138749485678094
41,-0.36022899615392157,-0.296512571611293,-0.49932762890198484,-0.061138749485678094
42,1.496289631573658,-0.296512571611293,1.2190057165727985,-0.061138749485678094
43,-0.36022899615392157,-0.296512571611293,-0.49932762890198484,-0.061138749485678094
44,0.700638791118981,-0.296512571611293,0.31892634513362633,-0.061138749485678094
45,-0.36022899615392157,-0.296512571611293,-0.22657630422344777,-0.061138749485678094
46,-0.36022899615392157,-0.296512571611293,-0.49932762890198484,-0.061138749485678094
47,-0.36022899615392157,-0.296512571611293,-0.49932762890198484,-0.061138749485678094
48,-0.36022899615392157,-0.296512571611293,-0.49932762890198484,-0.061138749485678094
49,1.496289631573658,-0.296512571611293,-0.49932762890198484,-0.061138749485678094
50,3.883242152937689,3.0987927991535713,1.8736088958012873,-0.061138749485678094
51,1.496289631573658,-0.296512571611293,-0.49932762890198484,-0.061138749485678094
52,-0.36022899615392157,-0.296512571611293,-0.49932762890198484,-0.061138749485678094
53,-0.36022899615392157,-0.296512571611293,2.2281856178833856,-0.061138749485678094
54,2.6102008082102057,4.456914947459518,1.7099581009941653,-0.061138749485678094
55,1.496289631573658,-0.296512571611293,-0.49932762890198484,-0.061138749485678094
56,-0.36022899615392157,-0.296512571611293,-0.49932762890198484,-0.061138749485678094
57,5.209326887028817,-0.296512571611293,-0.49932762890198484,-0.061138749485678094
58,-0.36022899615392157,-0.296512571611293,-0.49932762890198484,-0.061138749485678094
59,-0.36022899615392157,-0.296512571611293,-0.49932762890198484,-0.061138749485678094
60,-0.36022899615392157,2.6743796278079635,-0.49932762890198484,-0.061138749485678094
61,5.580630612574334,-0.296512571611293,-0.49932762890198484,-0.061138749485678094
62,-0.36022899615392157,-0.296512571611293,-0.49932762890198484,-0.061138749485678094
63,-0.36022899615392157,-0.296512571611293,-0.49932762890198484,-0.061138749485678094
64,-0.36022899615392157,-0.296512571611293,1.9281591607369948,-0.061138749485678094
65,-0.36022899615392157,-0.296512571611293,-0.49932762890198484,-0.061138749485678094
66,-0.36022899615392157,-0.296512571611293,-0.49932762890198484,-0.061138749485678094
67,-0.36022899615392157,-0.296512571611293,-0.49932762890198484,-0.061138749485678094
68,-0.36022899615392157,-0.296512571611293,-0.49932762890198484,-0.061138749485678094
69,-0.36022899615392157,-0.296512571611293,-0.49932762890198484,-0.061138749485678094
70,-0.36022899615392157,-0.296512571611293,1.1099051867013838,-0.061138749485678094
71,-0.36022899615392157,-0.296512571611293,1.982709425672702,-0.061138749485678094
72,3.883242152937689,1.4011401137711392,-0.49932762890198484,-0.061138749485678094
73,-0.36022899615392157,-0.296512571611293,-0.49932762890198484,-0.061138749485678094
74,-0.36022899615392157,-0.296512571611293,-0.49932762890198484,-0.061138749485678094
75,0.700638791118981,1.4011401137711392,1.3826565113799207,-0.061138749485678094
76,0.700638791118981,-0.296512571611293,1.8463337633334336,-0.061138749485678094
77,-0.36022899615392157,1.4011401137711392,-0.49932762890198484,-0.061138749485678094
78,1.496289631573658,2.6743796278079635,-0.49932762890198484,-0.061138749485678094
79,-0.36022899615392157,-0.296512571611293,-0.49932762890198484,-0.061138749485678094
80,-0.36022899615392157,-0.296512571611293,-0.49932762890198484,-0.061138749485678094
81,-0.36022899615392157,-0.296512571611293,-0.49932762890198484,-0.061138749485678094
82,-0.36022899615392157,-0.296512571611293,-0.49932762890198484,-0.061138749485678094
83,-0.36022899615392157,-0.296512571611293,1.0280797892978226,-0.061138749485678094
84,2.6102008082102057,2.0802011879241125,-0.49932762890198484,-0.061138749485678094
85,-0.36022899615392157,-0.296512571611293,-0.49932762890198484,-0.061138749485678094
86,-0.36022899615392157,-0.296512571611293,-0.49932762890198484,-0.061138749485678094
87,-0.36022899615392157,-0.296512571611293,-0.49932762890198484,-0.061138749485678094
88,-0.36022899615392157,-0.296512571611293,-0.49932762890198484,-0.061138749485678094
89,-0.36022899615392157,-0.296512571611293,-0.49932762890198484,-0.061138749485678094
90,-0.36022899615392157,-0.296512571611293,-0.49932762890198484,-0.061138749485678094
91,-0.36022899615392157,-0.296512571611293,-0.49932762890198484,-0.061138749485678094
92,0.700638791118981,-0.296512571611293,-0.49932762890198484,-0.061138749485678094
93,-0.36022899615392157,-0.296512571611293,1.8736088958012873,-0.061138749485678094
94,-0.36022899615392157,-0.296512571611293,-0.49932762890198484,-0.061138749485678094
95,1.7615065783918835,-0.296512571611293,-0.49932762890198484,-0.061138749485678094
96,-0.36022899615392157,-0.296512571611293,-0.49932762890198484,-0.061138749485678094
97,-0.36022899615392157,-0.296512571611293,-0.49932762890198484,-0.061138749485678094
98,2.115129174149518,-0.296512571611293,-0.49932762890198484,-0.061138749485678094
99,-0.36022899615392157,-0.296512571611293,-0.49932762890198484,-0.061138749485678094
100,-0.36022899615392157,-0.296512571611293,-0.49932762890198484,-0.061138749485678094
101,3.3528082593012374,-0.296512571611293,-0.49932762890198484,-0.061138749485678094
102,4.590487344452957,-0.296512571611293,-0.22657630422344777,-0.061138749485678094
103,-0.36022899615392157,-0.296512571611293,-0.49932762890198484,-0.061138749485678094
104,-0.36022899615392157,-0.296512571611293,-0.49932762890198484,-0.061138749485678094
105,-0.36022899615392157,-0.296512571611293,-0.49932762890198484,-0.061138749485678094
106,-0.36022899615392157,-0.296512571611293,-0.49932762890198484,-0.061138749485678094
107,-0.36022899615392157,-0.296512571611293,5.392100984154415,-0.061138749485678094
108,2.115129174149518,3.664677027614382,-0.49932762890198484,-0.061138749485678094
109,0.700638791118981,1.4011401137711392,3.946518963358169,-0.061138749485678094
110,6.004977727483494,-0.296512571611293,-0.49932762890198484,-0.061138749485678094
111,0.700638791118981,1.4011401137711392,-0.49932762890198484,-0.061138749485678094
112,1.7615065783918835,-0.296512571611293,0.9189792594264078,-0.061138749485678094
113,-0.36022899615392157,-0.296512571611293,-0.49932762890198484,-0.061138749485678094
114,-0.36022899615392157,-0.296512571611293,-0.49932762890198484,-0.061138749485678094
115,-0.36022899615392157,-0.296512571611293,-0.49932762890198484,-0.061138749485678094
116,-0.36022899615392157,1.4011401137711392,-0.49932762890198484,-0.061138749485678094
117,-0.36022899615392157,-0.296512571611293,1.4099316438477745,-0.061138749485678094
118,-0.36022899615392157,-0.296512571611293,-0.49932762890198484,-0.061138749485678094
119,-0.36022899615392157,-0.296512571611293,-0.49932762890198484,-0.061138749485678094
120,-0.36022899615392157,-0.296512571611293,-0.49932762890198484,-0.061138749485678094
121,-0.36022899615392157,-0.296512571611293,2.0099845581405558,-0.061138749485678094
122,-0.36022899615392157,-0.296512571611293,-0.49932762890198484,-0.061138749485678094
123,-0.36022899615392157,-0.296512571611293,-0.49932762890198484,-0.061138749485678094
124,0.700638791118981,-0.296512571611293,-0.49932762890198484,-0.061138749485678094
125,-0.36022899615392157,-0.296512571611293,-0.49932762890198484,-0.061138749485678094
126,-0.36022899615392157,-0.296512571611293,1.4372067763156282,17.10093478055918
127,2.115129174149518,-0.296512571611293,-0.49932762890198484,-0.061138749485678094
128,-0.36022899615392157,-0.296512571611293,-0.49932762890198484,-0.061138749485678094
129,-0.36022899615392157,-0.296512571611293,-0.49932762890198484,-0.061138749485678094
130,-0.36022899615392157,-0.296512571611293,1.7645083659298726,-0.061138749485678094
131,-0.36022899615392157,-0.296512571611293,-0.49932762890198484,-0.061138749485678094
132,-0.36022899615392157,-0.296512571611293,-0.49932762890198484,-0.061138749485678094
133,-0.36022899615392157,-0.296512571611293,-0.49932762890198484,-0.061138749485678094
134,-0.36022899615392157,-0.296512571611293,-0.49932762890198484,-0.061138749485678094
135,-0.36022899615392157,-0.296512571611293,2.0645348230762632,-0.061138749485678094
136,1.1249859060281422,-0.296512571611293,-0.49932762890198484,-0.061138749485678094
137,-0.36022899615392157,-0.296512571611293,1.791783498397726,-0.061138749485678094
138,-0.36022899615392157,-0.296512571611293,-0.49932762890198484,-0.061138749485678094
139,-0.36022899615392157,-0.296512571611293,-0.49932762890198484,-0.061138749485678094
140,-0.36022899615392157,-0.296512571611293,-0.49932762890198484,-0.061138749485678094
141,2.8223743656647864,1.4011401137711392,-0.49932762890198484,-0.061138749485678094
142,1.496289631573658,-0.296512571611293,-0.49932762890198484,-0.061138749485678094
143,-0.36022899615392157,-0.296512571611293,-0.49932762890198484,-0.061138749485678094
144,-0.36022899615392157,-0.296512571611293,-0.49932762890198484,-0.061138749485678094
145,3.3528082593012374,2.6743796278079635,1.3553813789120672,-0.061138749485678094
146,-0.36022899615392157,-0.296512571611293,-0.49932762890198484,-0.061138749485678094
147,-0.36022899615392157,-0.296512571611293,-0.49932762890198484,-0.061138749485678094
148,-0.36022899615392157,-0.296512571611293,-0.49932762890198484,-0.061138749485678094
149,2.115129174149518,3.664677027614382,0.1280004178586504,-0.061138749485678094
150,4.590487344452957,-0.296512571611293,1.273555981508506,-0.061138749485678094
151,-0.36022899615392157,-0.296512571611293,-0.49932762890198484,-0.061138749485678094
152,-0.36022899615392157,-0.296512571611293,2.0645348230762632,-0.061138749485678094
153,-0.36022899615392157,-0.296512571611293,-0.49932762890198484,-0.061138749485678094
154,2.8223743656647864,-0.296512571611293,2.3918364126905076,-0.061138749485678094
155,-0.36022899615392157,-0.296512571611293,-0.49932762890198484,-0.061138749485678094
156,-0.36022899615392157,-0.296512571611293,-0.49932762890198484,-0.061138749485678094
157,-0.36022899615392157,-0.296512571611293,-0.14475090681988664,-0.061138749485678094
158,2.115129174149518,-0.296512571611293,-0.49932762890198484,-0.061138749485678094
159,-0.36022899615392157,-0.296512571611293,-0.49932762890198484,-0.061138749485678094
160,-0.36022899615392157,-0.296512571611293,-0.49932762890198484,-0.061138749485678094
161,-0.36022899615392157,2.6743796278079635,-0.49932762890198484,-0.061138749485678094
162,-0.36022899615392157,-0.296512571611293,-0.49932762890198484,-0.061138749485678094
163,-0.36022899615392157,-0.296512571611293,-0.49932762890198484,-0.061138749485678094
164,-0.36022899615392157,-0.296512571611293,-0.49932762890198484,-0.061138749485678094
165,-0.36022899615392157,-0.296512571611293,-0.49932762890198484,-0.061138749485678094
166,-0.36022899615392157,-0.296512571611293,-0.49932762890198484,-0.061138749485678094
167,-0.36022899615392157,-0.296512571611293,-0.49932762890198484,-0.061138749485678094
168,-0.36022899615392157,-0.296512571611293,-0.49932762890198484,-0.061138749485678094
169,-0.36022899615392157,-0.296512571611293,-0.49932762890198484,-0.061138749485678094
170,-0.36022899615392157,-0.296512571611293,-0.49932762890198484,-0.061138749485678094
171,1.1249859060281422,-0.296512571611293,-0.49932762890198484,-0.061138749485678094
172,-0.36022899615392157,-0.296512571611293,-0.49932762890198484,-0.061138749485678094
173,-0.36022899615392157,-0.296512571611293,-0.49932762890198484,-0.061138749485678094
174,-0.36022899615392157,-0.296512571611293,0.37347661006933375,-0.061138749485678094
175,-0.36022899615392157,-0.296512571611293,-0.49932762890198484,-0.061138749485678094
176,1.1249859060281422,-0.296512571611293,-0.49932762890198484,-0.061138749485678094
177,-0.36022899615392157,-0.296512571611293,-0.49932762890198484,-0.061138749485678094
178,-0.36022899615392157,-0.296512571611293,-0.49932762890198484,-0.061138749485678094
179,-0.36022899615392157,-0.296512571611293,1.3281062464442135,-0.061138749485678094
180,-0.36022899615392157,2.6743796278079635,-0.49932762890198484,-0.061138749485678094
181,-0.36022899615392157,-0.296512571611293,-0.49932762890198484,-0.061138749485678094
182,-0.36022899615392157,-0.296512571611293,0.5916776698121634,-0.061138749485678094
183,-0.36022899615392157,-0.296512571611293,-0.49932762890198484,-0.061138749485678094
184,1.496289631573658,2.6743796278079635,2.719138002304752,-0.061138749485678094
185,-0.36022899615392157,-0.296512571611293,-0.49932762890198484,-0.061138749485678094
186,-0.36022899615392157,-0.296512571611293,-0.49932762890198484,-0.061138749485678094
187,-0.36022899615392157,-0.296512571611293,0.9189792594264078,-0.061138749485678094
188,-0.36022899615392157,-0.296512571611293,3.019164459451143,-0.061138749485678094
189,-0.36022899615392157,-0.296512571611293,0.37347661006933375,-0.061138749485678094
190,-0.36022899615392157,-0.296512571611293,-0.49932762890198484,-0.061138749485678094
191,-0.36022899615392157,-0.296512571611293,-0.49932762890198484,-0.061138749485678094
192,1.496289631573658,-0.296512571611293,-0.49932762890198484,-0.061138749485678094
193,5.209326887028817,-0.296512571611293,-0.49932762890198484,-0.061138749485678094
194,2.6102008082102057,-0.296512571611293,-0.49932762890198484,-0.061138749485678094
195,-0.36022899615392157,-0.296512571611293,1.1099051867013838,-0.061138749485678094
196,-0.36022899615392157,-0.296512571611293,-0.49932762890198484,-0.061138749485678094
197,-0.36022899615392157,-0.296512571611293,-0.49932762890198484,-0.061138749485678094
198,-0.36022899615392157,-0.296512571611293,-0.49932762890198484,-0.061138749485678094
199,-0.36022899615392157,-0.296512571611293,-0.49932762890198484,-0.061138749485678094
200,-0.36022899615392157,-0.296512571611293,0.45530200747289484,-0.061138749485678094
201,0.700638791118981,-0.296512571611293,-0.49932762890198484,-0.061138749485678094
202,-0.36022899615392157,-0.296512571611293,-0.49932762890198484,-0.061138749485678094
203,-0.36022899615392157,-0.296512571611293,1.900884028269141,-0.061138749485678094
204,2.115129174149518,-0.296512571611293,-0.17202603928774035,-0.061138749485678094
205,-0.36022899615392157,-0.296512571611293,-0.49932762890198484,-0.061138749485678094
206,-0.36022899615392157,-0.296512571611293,-0.49932762890198484,-0.061138749485678094
207,-0.36022899615392157,-0.296512571611293,-0.49932762890198484,-0.061138749485678094
208,-0.36022899615392157,-0.296512571611293,-0.49932762890198484,-0.061138749485678094
209,-0.36022899615392157,-0.296512571611293,-0.49932762890198484,-0.061138749485678094
210,-0.36022899615392157,-0.296512571611293,1.464481908783482,-0.061138749485678094
211,2.8223743656647864,3.0987927991535713,1.2190057165727985,-0.061138749485678094
212,-0.36022899615392157,-0.296512571611293,-0.49932762890198484,-0.061138749485678094
213,2.115129174149518,-0.296512571611293,-0.49932762890198484,-0.061138749485678094
214,-0.36022899615392157,-0.296512571611293,-0.49932762890198484,-0.061138749485678094
215,4.590487344452957,7.6258666268400574,-0.49932762890198484,-0.061138749485678094
216,-0.36022899615392157,-0.296512571611293,-0.49932762890198484,-0.061138749485678094
217,-0.36022899615392157,3.664677027614382,-0.49932762890198484,-0.061138749485678094
218,2.115129174149518,3.664677027614382,2.5009369425619226,-0.061138749485678094
219,-0.36022899615392157,-0.296512571611293,-0.49932762890198484,-0.061138749485678094
220,-0.36022899615392157,3.0987927991535713,2.0372596906084097,-0.061138749485678094
221,-0.36022899615392157,-0.296512571611293,-0.49932762890198484,-0.061138749485678094
222,-0.36022899615392157,3.664677027614382,0.29165121266577265,-0.061138749485678094
223,-0.36022899615392157,-0.296512571611293,-0.49932762890198484,-0.061138749485678094
224,-0.36022899615392157,-0.296512571611293,0.8371538620228467,-0.061138749485678094
225,-0.36022899615392157,-0.296512571611293,-0.49932762890198484,-0.061138749485678094
226,-0.36022899615392157,-0.296512571611293,-0.49932762890198484,-0.061138749485678094
227,-0.36022899615392157,-0.296512571611293,-0.49932762890198484,-0.061138749485678094
228,-0.36022899615392157,-0.296512571611293,0.9735295243621153,0.566741989418402
229,-0.36022899615392157,-0.296512571611293,-0.49932762890198484,-0.061138749485678094
230,-0.36022899615392157,-0.296512571611293,-0.49932762890198484,-0.061138749485678094
231,-0.36022899615392157,-0.296512571611293,1.982709425672702,-0.061138749485678094
232,-0.36022899615392157,-0.296512571611293,1.4372067763156282,-0.061138749485678094
233,-0.36022899615392157,-0.296512571611293,-0.49932762890198484,-0.061138749485678094
234,-0.36022899615392157,-0.296512571611293,1.9554342932048485,-0.061138749485678094
235,-0.36022899615392157,2.6743796278079635,0.4007517425371874,-0.061138749485678094
236,-0.36022899615392157,-0.296512571611293,-0.49932762890198484,-0.061138749485678094
237,2.115129174149518,-0.296512571611293,-0.49932762890198484,-0.061138749485678094
238,-0.36022899615392157,-0.296512571611293,0.2371009477300652,-0.061138749485678094
239,-0.36022899615392157,-0.296512571611293,-0.49932762890198484,-0.061138749485678094
240,1.496289631573658,-0.296512571611293,1.2462808490406523,-0.061138749485678094
241,-0.36022899615392157,-0.296512571611293,-0.49932762890198484,-0.061138749485678094
242,-0.36022899615392157,-0.296512571611293,-0.49932762890198484,-0.061138749485678094
243,-0.36022899615392157,-0.296512571611293,-0.49932762890198484,-0.061138749485678094
244,-0.36022899615392157,-0.296512571611293,-0.49932762890198484,-0.061138749485678094
245,-0.36022899615392157,-0.296512571611293,-0.49932762890198484,-0.061138749485678094
246,-0.36022899615392157,-0.296512571611293,0.29165121266577265,-0.061138749485678094
247,-0.36022899615392157,3.664677027614382,-0.49932762890198484,-0.061138749485678094
248,-0.36022899615392157,-0.296512571611293,-0.49932762890198484,-0.061138749485678094
249,-0.36022899615392157,-0.296512571611293,-0.49932762890198484,-0.061138749485678094
250,-0.36022899615392157,-0.296512571611293,-0.49932762890198484,-0.061138749485678094
251,0.8774500889977981,3.664677027614382,1.8190586308655798,-0.061138749485678094
252,-0.36022899615392157,-0.296512571611293,1.2462808490406523,-0.061138749485678094
253,-0.36022899615392157,-0.296512571611293,2.0372596906084097,-0.061138749485678094
254,2.115129174149518,-0.296512571611293,1.2462808490406523,-0.061138749485678094
255,0.700638791118981,3.0987927991535713,1.900884028269141,-0.061138749485678094
256,-0.36022899615392157,-0.296512571611293,-0.49932762890198484,-0.061138749485678094
257,-0.36022899615392157,-0.296512571611293,-0.49932762890198484,-0.061138749485678094
258,0.700638791118981,-0.296512571611293,-0.49932762890198484,-0.061138749485678094
259,-0.36022899615392157,-0.296512571611293,-0.49932762890198484,-0.061138749485678094
260,-0.36022899615392157,-0.296512571611293,-0.49932762890198484,-0.061138749485678094
261,-0.36022899615392157,-0.296512571611293,-0.49932762890198484,-0.061138749485678094
262,-0.36022899615392157,-0.296512571611293,-0.49932762890198484,-0.061138749485678094
263,1.1249859060281422,-0.296512571611293,-0.49932762890198484,-0.061138749485678094
264,-0.36022899615392157,-0.296512571611293,1.9281591607369948,-0.061138749485678094
265,-0.36022899615392157,-0.296512571611293,2.364561280222654,-0.061138749485678094
266,2.6102008082102057,2.0802011879241125,1.7099581009941653,-0.061138749485678094
267,1.1249859060281422,-0.296512571611293,-0.49932762890198484,-0.061138749485678094
268,-0.36022899615392157,-0.296512571611293,-0.49932762890198484,-0.061138749485678094
269,-0.36022899615392157,-0.296512571611293,-0.49932762890198484,-0.061138749485678094
270,1.496289631573658,2.6743796278079635,2.0099845581405558,-0.061138749485678094
271,1.496289631573658,-0.296512571611293,1.3553813789120672,-0.061138749485678094
272,-0.36022899615392157,-0.296512571611293,-0.49932762890198484,-0.061138749485678094
273,-0.36022899615392157,-0.296512571611293,-0.49932762890198484,-0.061138749485678094
274,-0.36022899615392157,-0.296512571611293,-0.49932762890198484,-0.061138749485678094
275,-0.36022899615392157,-0.296512571611293,-0.49932762890198484,19.6124577361755
276,-0.36022899615392157,-0.296512571611293,-0.49932762890198484,-0.061138749485678094
277,2.115129174149518,-0.296512571611293,-0.49932762890198484,-0.061138749485678094
278,1.496289631573658,-0.296512571611293,-0.49932762890198484,-0.061138749485678094
279,-0.36022899615392157,-0.296512571611293,3.537391976340363,-0.061138749485678094
280,-0.36022899615392157,-0.296512571611293,2.173635352947678,-0.061138749485678094
281,-0.36022899615392157,-0.296512571611293,-0.49932762890198484,-0.061138749485678094
282,-0.36022899615392157,-0.296512571611293,-0.49932762890198484,-0.061138749485678094
283,-0.36022899615392157,-0.296512571611293,-0.49932762890198484,-0.061138749485678094
284,-0.36022899615392157,-0.296512571611293,-0.49932762890198484,-0.061138749485678094
285,-0.36022899615392157,-0.296512571611293,-0.49932762890198484,-0.061138749485678094
286,-0.36022899615392157,-0.296512571611293,-0.49932762890198484,-0.061138749485678094
287,-0.36022899615392157,-0.296512571611293,-0.49932762890198484,-0.061138749485678094
288,-0.36022899615392157,-0.296512571611293,-0.49932762890198484,-0.061138749485678094
289,1.1249859060281422,-0.296512571611293,-0.49932762890198484,-0.061138749485678094
290,-0.36022899615392157,2.0802011879241125,1.164455451637091,-0.061138749485678094
291,-0.36022899615392157,-0.296512571611293,-0.49932762890198484,-0.061138749485678094
292,-0.36022899615392157,-0.296512571611293,-0.49932762890198484,-0.061138749485678094
293,1.1249859060281422,-0.296512571611293,-0.49932762890198484,-0.061138749485678094
294,-0.36022899615392157,-0.296512571611293,-0.49932762890198484,-0.061138749485678094
295,-0.36022899615392157,-0.296512571611293,0.8098787295549931,-0.061138749485678094
296,-0.36022899615392157,-0.296512571611293,-0.49932762890198484,-0.061138749485678094
297,-0.36022899615392157,-0.296512571611293,-0.49932762890198484,-0.061138749485678094
298,-0.36022899615392157,-0.296512571611293,1.791783498397726,-0.061138749485678094
299,-0.36022899615392157,-0.296512571611293,-0.49932762890198484,-0.061138749485678094
300,-0.36022899615392157,-0.296512571611293,-0.49932762890198484,-0.061138749485678094
301,-0.36022899615392157,-0.296512571611293,-0.49932762890198484,-0.061138749485678094
302,-0.36022899615392157,-0.296512571611293,-0.19930117175559406,-0.061138749485678094
303,1.496289631573658,-0.296512571611293,3.864693565954608,-0.061138749485678094
304,-0.36022899615392157,-0.296512571611293,-0.49932762890198484,-0.061138749485678094
305,-0.36022899615392157,-0.296512571611293,-0.49932762890198484,-0.061138749485678094
306,-0.36022899615392157,-0.296512571611293,-0.49932762890198484,-0.061138749485678094
307,-0.36022899615392157,2.6743796278079635,1.8463337633334336,-0.061138749485678094
308,-0.36022899615392157,-0.296512571611293,-0.49932762890198484,-0.061138749485678094
309,-0.36022899615392157,-0.296512571611293,-0.49932762890198484,-0.061138749485678094
310,-0.36022899615392157,-0.296512571611293,-0.49932762890198484,-0.061138749485678094
311,-0.36022899615392157,-0.296512571611293,-0.49932762890198484,-0.061138749485678094
312,2.115129174149518,-0.296512571611293,3.046439591918997,-0.061138749485678094
313,-0.36022899615392157,-0.296512571611293,-0.49932762890198484,-0.061138749485678094
314,-0.36022899615392157,-0.296512571611293,-0.49932762890198484,-0.061138749485678094
315,-0.36022899615392157,-0.296512571611293,-0.49932762890198484,-0.061138749485678094
316,-0.36022899615392157,-0.296512571611293,-0.49932762890198484,-0.061138749485678094
317,-0.36022899615392157,-0.296512571611293,-0.49932762890198484,-0.061138749485678094
318,-0.36022899615392157,-0.296512571611293,-0.49932762890198484,-0.061138749485678094
319,-0.36022899615392157,-0.296512571611293,-0.49932762890198484,-0.061138749485678094
320,-0.36022899615392157,-0.296512571611293,-0.49932762890198484,-0.061138749485678094
321,-0.36022899615392157,-0.296512571611293,1.6826829685263116,-0.061138749485678094
322,-0.36022899615392157,-0.296512571611293,-0.49932762890198484,-0.061138749485678094
323,-0.36022899615392157,-0.296512571611293,-0.49932762890198484,-0.061138749485678094
324,-0.36022899615392157,-0.296512571611293,-0.49932762890198484,-0.061138749485678094
325,-0.36022899615392157,-0.296512571611293,1.0553549217656764,-0.061138749485678094
326,-0.36022899615392157,-0.296512571611293,-0.49932762890198484,-0.061138749485678094
327,-0.36022899615392157,-0.296512571611293,-0.49932762890198484,-0.061138749485678094
328,-0.36022899615392157,-0.296512571611293,1.3008311139763598,-0.061138749485678094
329,-0.36022899615392157,-0.296512571611293,1.900884028269141,-0.061138749485678094
330,-0.36022899615392157,-0.296512571611293,-0.49932762890198484,-0.061138749485678094
331,-0.36022899615392157,-0.296512571611293,-0.49932762890198484,-0.061138749485678094
332,-0.36022899615392157,-0.296512571611293,1.8736088958012873,-0.061138749485678094
333,-0.36022899615392157,-0.296512571611293,2.746413134772606,-0.061138749485678094
334,-0.36022899615392157,-0.296512571611293,-0.49932762890198484,-0.061138749485678094
335,-0.36022899615392157,-0.296512571611293,-0.49932762890198484,-0.061138749485678094
336,-0.36022899615392157,-0.296512571611293,-0.49932762890198484,-0.061138749485678094
337,-0.36022899615392157,-0.296512571611293,-0.49932762890198484,-0.061138749485678094
338,-0.36022899615392157,-0.296512571611293,-0.49932762890198484,-0.061138749485678094
339,0.700638791118981,1.4011401137711392,2.2827358828190927,-0.061138749485678094
340,0.700638791118981,1.4011401137711392,-0.49932762890198484,-0.061138749485678094
341,-0.36022899615392157,1.4011401137711392,-0.49932762890198484,-0.061138749485678094
342,-0.36022899615392157,1.4011401137711392,3.837418433486754,-0.061138749485678094
343,0.700638791118981,-0.296512571611293,-0.49932762890198484,-0.061138749485678094
344,0.700638791118981,-0.296512571611293,3.1828152542582653,-0.061138749485678094
345,-0.36022899615392157,-0.296512571611293,2.6100374724333375,-0.061138749485678094
346,-0.36022899615392157,-0.296512571611293,1.9281591607369948,-0.061138749485678094
347,-0.36022899615392157,-0.296512571611293,-0.49932762890198484,-0.061138749485678094
348,-0.36022899615392157,-0.296512571611293,-0.49932762890198484,-0.061138749485678094
349,-0.36022899615392157,-0.296512571611293,4.355645950375974,-0.061138749485678094
350,-0.36022899615392157,2.6743796278079635,-0.49932762890198484,-0.061138749485678094
351,-0.36022899615392157,-0.296512571611293,1.3826565113799207,-0.061138749485678094
352,-0.36022899615392157,7.6258666268400574,1.8190586308655798,-0.061138749485678094
353,-0.36022899615392157,-0.296512571611293,-0.49932762890198484,-0.061138749485678094
354,-0.36022899615392157,-0.296512571611293,2.0372596906084097,-0.061138749485678094
355,-0.36022899615392157,-0.296512571611293,2.0372596906084097,-0.061138749485678094
356,-0.36022899615392157,-0.296512571611293,-0.49932762890198484,-0.061138749485678094
357,-0.36022899615392157,-0.296512571611293,-0.49932762890198484,-0.061138749485678094
358,-0.36022899615392157,-0.296512571611293,0.9189792594264078,-0.061138749485678094
359,-0.36022899615392157,-0.296512571611293,-0.49932762890198484,-0.061138749485678094
360,2.115129174149518,-0.296512571611293,-0.49932762890198484,-0.061138749485678094
361,-0.36022899615392157,-0.296512571611293,-0.49932762890198484,-0.061138749485678094
362,-0.36022899615392157,-0.296512571611293,-0.49932762890198484,-0.061138749485678094
363,-0.36022899615392157,-0.296512571611293,-0.49932762890198484,-0.061138749485678094
364,-0.36022899615392157,-0.296512571611293,-0.49932762890198484,-0.061138749485678094
365,-0.36022899615392157,-0.296512571611293,2.173635352947678,-0.061138749485678094
366,-0.36022899615392157,-0.296512571611293,2.0099845581405558,-0.061138749485678094
367,-0.36022899615392157,-0.296512571611293,-0.49932762890198484,-0.061138749485678094
368,-0.36022899615392157,-0.296512571611293,-0.49932762890198484,-0.061138749485678094
369,-0.36022899615392157,-0.296512571611293,-0.49932762890198484,-0.061138749485678094
370,-0.36022899615392157,-0.296512571611293,-0.49932762890198484,-0.061138749485678094
371,-0.36022899615392157,-0.296512571611293,-0.49932762890198484,-0.061138749485678094
372,2.115129174149518,-0.296512571611293,-0.49932762890198484,-0.061138749485678094
373,-0.36022899615392157,-0.296512571611293,2.0099845581405558,-0.061138749485678094
374,-0.36022899615392157,-0.296512571611293,0.9735295243621153,-0.061138749485678094
375,-0.36022899615392157,-0.296512571611293,-0.49932762890198484,-0.061138749485678094
376,-0.36022899615392157,-0.296512571611293,-0.49932762890198484,-0.061138749485678094
377,-0.36022899615392157,-0.296512571611293,-0.49932762890198484,-0.061138749485678094
378,2.115129174149518,-0.296512571611293,1.9281591607369948,-0.061138749485678094
379,-0.36022899615392157,-0.296512571611293,0.9189792594264078,-0.061138749485678094
380,-0.36022899615392157,-0.296512571611293,-0.49932762890198484,-0.061138749485678094
381,-0.36022899615392157,-0.296512571611293,0.7553284646192856,-0.061138749485678094
382,-0.36022899615392157,-0.296512571611293,-0.49932762890198484,-0.061138749485678094
383,-0.36022899615392157,-0.296512571611293,-0.49932762890198484,-0.061138749485678094
384,-0.36022899615392157,-0.296512571611293,-0.49932762890198484,-0.061138749485678094
385,1.496289631573658,2.6743796278079635,0.8917041269585542,-0.061138749485678094
386,-0.36022899615392157,-0.296512571611293,-0.49932762890198484,-0.061138749485678094
387,-0.36022899615392157,4.456914947459518,-0.49932762890198484,-0.061138749485678094
388,-0.36022899615392157,-0.296512571611293,1.1099051867013838,-0.061138749485678094
389,-0.36022899615392157,-0.296512571611293,1.0553549217656764,-0.061138749485678094
390,-0.36022899615392157,-0.296512571611293,-0.49932762890198484,-0.061138749485678094
391,-0.36022899615392157,-0.296512571611293,0.018899887987235575,-0.061138749485678094
392,-0.36022899615392157,-0.296512571611293,1.8736088958012873,-0.061138749485678094
393,-0.36022899615392157,-0.296512571611293,-0.49932762890198484,-0.061138749485678094
394,-0.36022899615392157,-0.296512571611293,-0.49932762890198484,-0.061138749485678094
395,-0.36022899615392157,-0.296512571611293,-0.49932762890198484,-0.061138749485678094
396,-0.36022899615392157,-0.296512571611293,-0.49932762890198484,-0.061138749485678094
397,-0.36022899615392157,-0.296512571611293,-0.49932762890198484,-0.061138749485678094
398,1.496289631573658,5.64527182722722,-0.49932762890198484,-0.061138749485678094
399,-0.36022899615392157,-0.296512571611293,-0.49932762890198484,-0.061138749485678094
400,-0.36022899615392157,-0.296512571611293,-0.49932762890198484,-0.061138749485678094
401,-0.36022899615392157,-0.296512571611293,-0.49932762890198484,-0.061138749485678094
402,-0.36022899615392157,-0.296512571611293,-0.49932762890198484,-0.061138749485678094
403,-0.36022899615392157,-0.296512571611293,-0.49932762890198484,-0.061138749485678094
404,-0.36022899615392157,-0.296512571611293,-0.49932762890198484,-0.061138749485678094
405,-0.36022899615392157,-0.296512571611293,0.7280533321514319,-0.061138749485678094
406,-0.36022899615392157,-0.296512571611293,1.3008311139763598,-0.061138749485678094
407,1.496289631573658,-0.296512571611293,-0.49932762890198484,-0.061138749485678094
408,-0.36022899615392157,-0.296512571611293,-0.49932762890198484,-0.061138749485678094
409,-0.36022899615392157,-0.296512571611293,-0.49932762890198484,-0.061138749485678094
410,-0.36022899615392157,-0.296512571611293,-0.49932762890198484,-0.061138749485678094
411,-0.36022899615392157,2.6743796278079635,0.5916776698121634,-0.061138749485678094
412,1.496289631573658,-0.296512571611293,-0.49932762890198484,-0.061138749485678094
413,-0.36022899615392157,-0.296512571611293,-0.49932762890198484,-0.061138749485678094
414,-0.36022899615392157,-0.296512571611293,-0.49932762890198484,-0.061138749485678094
415,-0.36022899615392157,-0.296512571611293,-0.49932762890198484,-0.061138749485678094
416,-0.36022899615392157,-0.296512571611293,-0.49932762890198484,-0.061138749485678094
417,2.115129174149518,-0.296512571611293,1.0553549217656764,-0.061138749485678094
418,-0.36022899615392157,-0.296512571611293,-0.49932762890198484,-0.061138749485678094
419,-0.36022899615392157,-0.296512571611293,-0.49932762890198484,-0.061138749485678094
420,-0.36022899615392157,-0.296512571611293,1.900884028269141,-0.061138749485678094
421,-0.36022899615392157,-0.296512571611293,-0.49932762890198484,-0.061138749485678094
422,-0.36022899615392157,-0.296512571611293,-0.49932762890198484,-0.061138749485678094
423,-0.36022899615392157,-0.296512571611293,-0.49932762890198484,-0.061138749485678094
424,-0.36022899615392157,-0.296512571611293,-0.49932762890198484,-0.061138749485678094
425,-0.36022899615392157,-0.296512571611293,-0.49932762890198484,-0.061138749485678094
426,-0.36022899615392157,-0.296512571611293,-0.49932762890198484,-0.061138749485678094
427,-0.36022899615392157,-0.296512571611293,-0.49932762890198484,-0.061138749485678094
428,-0.36022899615392157,-0.296512571611293,-0.49932762890198484,-0.061138749485678094
429,-0.36022899615392157,-0.296512571611293,-0.49932762890198484,-0.061138749485678094
430,-0.36022899615392157,-0.296512571611293,1.8190586308655798,-0.061138749485678094
431,-0.36022899615392157,-0.296512571611293,-0.49932762890198484,-0.061138749485678094
432,-0.36022899615392157,-0.296512571611293,-0.49932762890198484,-0.061138749485678094
433,-0.36022899615392157,-0.296512571611293,-0.49932762890198484,-0.061138749485678094
434,-0.36022899615392157,-0.296512571611293,-0.49932762890198484,-0.061138749485678094
435,1.496289631573658,2.6743796278079635,-0.49932762890198484,-0.061138749485678094
436,4.590487344452957,-0.296512571611293,-0.49932762890198484,-0.061138749485678094
437,-0.36022899615392157,-0.296512571611293,0.34620147760148,-0.061138749485678094
438,-0.36022899615392157,-0.296512571611293,-0.49932762890198484,-0.061138749485678094
439,1.496289631573658,-0.296512571611293,-0.19930117175559406,-0.061138749485678094
440,4.0954157103922695,-0.296512571611293,-0.49932762890198484,-0.061138749485678094
441,-0.36022899615392157,-0.296512571611293,-0.49932762890198484,-0.061138749485678094
442,-0.36022899615392157,-0.296512571611293,-0.49932762890198484,-0.061138749485678094
443,-0.36022899615392157,-0.296512571611293,1.791783498397726,-0.061138749485678094
444,-0.36022899615392157,-0.296512571611293,-0.49932762890198484,-0.061138749485678094
445,-0.36022899615392157,-0.296512571611293,-0.49932762890198484,-0.061138749485678094
446,-0.36022899615392157,-0.296512571611293,0.2643760801979189,7.473430117363284
447,-0.36022899615392157,-0.296512571611293,-0.49932762890198484,-0.061138749485678094
448,-0.36022899615392157,-0.296512571611293,0.34620147760148,-0.061138749485678094
449,-0.36022899615392157,-0.296512571611293,-0.49932762890198484,-0.061138749485678094
450,-0.36022899615392157,-0.296512571611293,-0.49932762890198484,-0.061138749485678094
451,-0.36022899615392157,-0.296512571611293,-0.49932762890198484,-0.061138749485678094
452,-0.36022899615392157,-0.296512571611293,-0.49932762890198484,-0.061138749485678094
453,1.1249859060281422,-0.296512571611293,2.719138002304752,-0.061138749485678094
454,-0.36022899615392157,-0.296512571611293,-0.49932762890198484,-0.061138749485678094
455,-0.36022899615392157,-0.296512571611293,0.9735295243621153,-0.061138749485678094
456,-0.36022899615392157,-0.296512571611293,1.4372067763156282,-0.061138749485678094
457,-0.36022899615392157,2.0802011879241125,-0.49932762890198484,-0.061138749485678094
458,-0.36022899615392157,3.664677027614382,-0.49932762890198484,-0.061138749485678094
459,-0.36022899615392157,-0.296512571611293,1.8190586308655798,-0.061138749485678094
460,-0.36022899615392157,-0.296512571611293,0.5371274048764559,-0.061138749485678094
461,-0.36022899615392157,-0.296512571611293,-0.49932762890198484,-0.061138749485678094
462,-0.36022899615392157,-0.296512571611293,-0.49932762890198484,-0.061138749485678094
463,-0.36022899615392157,-0.296512571611293,-0.49932762890198484,-0.061138749485678094
464,-0.36022899615392157,-0.296512571611293,-0.49932762890198484,-0.061138749485678094
465,-0.36022899615392157,-0.296512571611293,-0.49932762890198484,-0.061138749485678094
466,-0.36022899615392157,-0.296512571611293,1.1917305841049448,-0.061138749485678094
467,-0.36022899615392157,-0.296512571611293,-0.17202603928774035,-0.061138749485678094
468,-0.36022899615392157,-0.296512571611293,-0.49932762890198484,-0.061138749485678094
469,-0.36022899615392157,-0.296512571611293,-0.49932762890198484,-0.061138749485678094
470,-0.36022899615392157,-0.296512571611293,-0.49932762890198484,-0.061138749485678094
471,-0.36022899615392157,-0.296512571611293,1.8190586308655798,-0.061138749485678094
472,-0.36022899615392157,-0.296512571611293,-0.49932762890198484,-0.061138749485678094
473,-0.36022899615392157,-0.296512571611293,3.455566578936802,-0.061138749485678094
474,-0.36022899615392157,-0.296512571611293,-0.49932762890198484,-0.061138749485678094
475,-0.36022899615392157,-0.296512571611293,-0.49932762890198484,-0.061138749485678094
476,-0.36022899615392157,-0.296512571611293,-0.49932762890198484,-0.061138749485678094
477,2.115129174149518,-0.296512571611293,-0.49932762890198484,-0.061138749485678094
478,-0.36022899615392157,-0.296512571611293,-0.49932762890198484,-0.061138749485678094
479,-0.36022899615392157,-0.296512571611293,-0.49932762890198484,-0.061138749485678094
480,-0.36022899615392157,-0.296512571611293,-0.49932762890198484,-0.061138749485678094
481,-0.36022899615392157,-0.296512571611293,-0.49932762890198484,-0.061138749485678094
482,-0.36022899615392157,-0.296512571611293,-0.49932762890198484,-0.061138749485678094
483,-0.36022899615392157,-0.296512571611293,-0.49932762890198484,-0.061138749485678094
484,-0.36022899615392157,-0.296512571611293,-0.49932762890198484,-0.061138749485678094
485,-0.36022899615392157,-0.296512571611293,1.6554078360584579,-0.061138749485678094
486,-0.36022899615392157,-0.296512571611293,-0.49932762890198484,-0.061138749485678094
487,-0.36022899615392157,-0.296512571611293,0.7280533321514319,-0.061138749485678094
488,-0.36022899615392157,-0.296512571611293,-0.49932762890198484,-0.061138749485678094
489,-0.36022899615392157,-0.296512571611293,-0.49932762890198484,-0.061138749485678094
490,-0.36022899615392157,-0.296512571611293,-0.49932762890198484,-0.061138749485678094
491,-0.36022899615392157,-0.296512571611293,-0.49932762890198484,-0.061138749485678094
492,-0.36022899615392157,-0.296512571611293,-0.49932762890198484,-0.061138749485678094
493,-0.36022899615392157,3.664677027614382,-0.49932762890198484,-0.061138749485678094
494,-0.36022899615392157,-0.296512571611293,2.1190850880119707,-0.061138749485678094
495,-0.36022899615392157,-0.296512571611293,-0.49932762890198484,-0.061138749485678094
496,-0.36022899615392157,-0.296512571611293,-0.49932762890198484,-0.061138749485678094
497,-0.36022899615392157,-0.296512571611293,-0.49932762890198484,-0.061138749485678094
498,-0.36022899615392157,-0.296512571611293,-0.49932762890198484,-0.061138749485678094
499,-0.36022899615392157,-0.296512571611293,-0.49932762890198484,-0.061138749485678094
500,-0.36022899615392157,-0.296512571611293,-0.49932762890198484,-0.061138749485678094
501,-0.36022899615392157,-0.296512571611293,-0.49932762890198484,-0.061138749485678094
502,-0.36022899615392157,-0.296512571611293,-0.49932762890198484,-0.061138749485678094
503,-0.36022899615392157,-0.296512571611293,-0.008375244480618129,-0.061138749485678094
504,-0.36022899615392157,-0.296512571611293,-0.49932762890198484,-0.061138749485678094
505,-0.36022899615392157,-0.296512571611293,-0.49932762890198484,-0.061138749485678094
506,-0.36022899615392157,-0.296512571611293,-0.49932762890198484,-0.061138749485678094
507,-0.36022899615392157,-0.296512571611293,2.0918099555441168,-0.061138749485678094
508,-0.36022899615392157,-0.296512571611293,-0.49932762890198484,-0.061138749485678094
509,-0.36022899615392157,-0.296512571611293,-0.49932762890198484,-0.061138749485678094
510,-0.36022899615392157,-0.296512571611293,-0.49932762890198484,-0.061138749485678094
511,-0.36022899615392157,-0.296512571611293,-0.49932762890198484,-0.061138749485678094
512,-0.36022899615392157,-0.296512571611293,-0.49932762890198484,-0.061138749485678094
513,-0.36022899615392157,-0.296512571611293,-0.49932762890198484,-0.061138749485678094
514,-0.36022899615392157,-0.296512571611293,1.8463337633334336,-0.061138749485678094
515,-0.36022899615392157,3.664677027614382,-0.49932762890198484,-0.061138749485678094
516,-0.36022899615392157,-0.296512571611293,-0.49932762890198484,-0.061138749485678094
517,-0.36022899615392157,-0.296512571611293,-0.49932762890198484,-0.061138749485678094
518,-0.36022899615392157,-0.296512571611293,-0.49932762890198484,-0.061138749485678094
519,4.590487344452957,-0.296512571611293,-0.49932762890198484,-0.061138749485678094
520,-0.36022899615392157,-0.296512571611293,-0.49932762890198484,-0.061138749485678094
521,-0.36022899615392157,-0.296512571611293,-0.49932762890198484,-0.061138749485678094
522,-0.36022899615392157,3.664677027614382,-0.49932762890198484,-0.061138749485678094
523,-0.36022899615392157,-0.296512571611293,-0.49932762890198484,-0.061138749485678094
524,-0.36022899615392157,-0.296512571611293,-0.49932762890198484,-0.061138749485678094
525,2.115129174149518,-0.296512571611293,1.08263005423353,-0.061138749485678094
526,-0.36022899615392157,-0.296512571611293,-0.49932762890198484,-0.061138749485678094
527,-0.36022899615392157,-0.296512571611293,-0.49932762890198484,-0.061138749485678094
528,-0.36022899615392157,-0.296512571611293,-0.49932762890198484,-0.061138749485678094
529,-0.36022899615392157,-0.296512571611293,-0.49932762890198484,-0.061138749485678094
530,-0.36022899615392157,-0.296512571611293,-0.49932762890198484,-0.061138749485678094
531,-0.36022899615392157,-0.296512571611293,2.0372596906084097,-0.061138749485678094
532,-0.36022899615392157,-0.296512571611293,-0.49932762890198484,-0.061138749485678094
533,-0.36022899615392157,-0.296512571611293,-0.49932762890198484,-0.061138749485678094
534,-0.36022899615392157,-0.296512571611293,-0.49932762890198484,-0.061138749485678094
535,-0.36022899615392157,-0.296512571611293,-0.49932762890198484,-0.061138749485678094
536,-0.36022899615392157,-0.296512571611293,-0.49932762890198484,-0.061138749485678094
537,-0.36022899615392157,-0.296512571611293,-0.49932762890198484,-0.061138749485678094
538,2.115129174149518,-0.296512571611293,-0.49932762890198484,-0.061138749485678094
539,-0.36022899615392157,-0.296512571611293,-0.49932762890198484,-0.061138749485678094
540,2.115129174149518,-0.296512571611293,-0.49932762890198484,-0.061138749485678094
541,-0.36022899615392157,-0.296512571611293,-0.49932762890198484,-0.061138749485678094
542,-0.36022899615392157,-0.296512571611293,-0.49932762890198484,-0.061138749485678094
543,-0.36022899615392157,-0.296512571611293,-0.49932762890198484,-0.061138749485678094
544,-0.36022899615392157,-0.296512571611293,-0.49932762890198484,-0.061138749485678094
545,-0.36022899615392157,-0.296512571611293,-0.49932762890198484,-0.061138749485678094
546,-0.36022899615392157,-0.296512571611293,-0.49932762890198484,-0.061138749485678094
547,-0.36022899615392157,-0.296512571611293,1.0280797892978226,-0.061138749485678094
548,-0.36022899615392157,-0.296512571611293,-0.49932762890198484,-0.061138749485678094
549,-0.36022899615392157,-0.296512571611293,-0.49932762890198484,-0.061138749485678094
550,-0.36022899615392157,-0.296512571611293,-0.49932762890198484,-0.061138749485678094
551,-0.36022899615392157,-0.296512571611293,1.791783498397726,-0.061138749485678094
552,-0.36022899615392157,-0.296512571611293,-0.49932762890198484,-0.061138749485678094
553,-0.36022899615392157,-0.296512571611293,-0.49932762890198484,-0.061138749485678094
554,-0.36022899615392157,-0.296512571611293,-0.49932762890198484,-0.061138749485678094
555,-0.36022899615392157,-0.296512571611293,-0.49932762890198484,-0.061138749485678094
556,-0.36022899615392157,-0.296512571611293,0.10072528539079668,-0.061138749485678094
557,2.115129174149518,-0.296512571611293,1.9281591607369948,-0.061138749485678094
558,-0.36022899615392157,-0.296512571611293,-0.49932762890198484,-0.061138749485678094
559,-0.36022899615392157,-0.296512571611293,-0.49932762890198484,-0.061138749485678094
560,-0.36022899615392157,-0.296512571611293,-0.49932762890198484,-0.061138749485678094
561,-0.36022899615392157,-0.296512571611293,0.5644025373443097,-0.061138749485678094
562,-0.36022899615392157,-0.296512571611293,-0.49932762890198484,-0.061138749485678094
563,-0.36022899615392157,-0.296512571611293,-0.49932762890198484,-0.061138749485678094
564,-0.36022899615392157,-0.296512571611293,-0.49932762890198484,-0.061138749485678094
565,2.115129174149518,-0.296512571611293,3.8101433010189005,-0.061138749485678094
566,-0.36022899615392157,-0.296512571611293,-0.49932762890198484,-0.061138749485678094
567,-0.36022899615392157,-0.296512571611293,-0.49932762890198484,-0.061138749485678094
568,-0.36022899615392157,-0.296512571611293,-0.49932762890198484,-0.061138749485678094
569,-0.36022899615392157,-0.296512571611293,-0.49932762890198484,-0.061138749485678094
570,-0.36022899615392157,-0.296512571611293,-0.49932762890198484,-0.061138749485678094
571,-0.36022899615392157,-0.296512571611293,-0.49932762890198484,-0.061138749485678094
572,-0.36022899615392157,-0.296512571611293,-0.49932762890198484,-0.061138749485678094
573,-0.36022899615392157,-0.296512571611293,0.4007517425371874,-0.061138749485678094
574,-0.36022899615392157,-0.296512571611293,-0.49932762890198484,-0.061138749485678094
575,-0.36022899615392157,-0.296512571611293,-0.49932762890198484,-0.061138749485678094
576,-0.36022899615392157,-0.296512571611293,-0.49932762890198484,-0.061138749485678094
577,-0.36022899615392157,-0.296512571611293,-0.49932762890198484,-0.061138749485678094
578,-0.36022899615392157,-0.296512571611293,-0.49932762890198484,-0.061138749485678094
579,-0.36022899615392157,-0.296512571611293,-0.49932762890198484,-0.061138749485678094
580,-0.36022899615392157,-0.296512571611293,-0.49932762890198484,-0.061138749485678094
581,-0.36022899615392157,-0.296512571611293,-0.49932762890198484,-0.061138749485678094
582,-0.36022899615392157,-0.296512571611293,-0.11747577435203295,-0.061138749485678094
583,-0.36022899615392157,-0.296512571611293,-0.49932762890198484,-0.061138749485678094
584,-0.36022899615392157,-0.296512571611293,-0.49932762890198484,-0.061138749485678094
585,-0.36022899615392157,-0.296512571611293,-0.49932762890198484,-0.061138749485678094
586,-0.36022899615392157,-0.296512571611293,-0.49932762890198484,-0.061138749485678094
587,-0.36022899615392157,-0.296512571611293,-0.49932762890198484,-0.061138749485678094
588,-0.36022899615392157,-0.296512571611293,0.5371274048764559,-0.061138749485678094
589,-0.36022899615392157,-0.296512571611293,1.6826829685263116,-0.061138749485678094
590,-0.36022899615392157,-0.296512571611293,-0.49932762890198484,-0.061138749485678094
591,-0.36022899615392157,-0.296512571611293,-0.49932762890198484,-0.061138749485678094
592,-0.36022899615392157,3.664677027614382,-0.49932762890198484,-0.061138749485678094
593,-0.36022899615392157,-0.296512571611293,-0.49932762890198484,-0.061138749485678094
594,-0.36022899615392157,-0.296512571611293,-0.49932762890198484,-0.061138749485678094
595,-0.36022899615392157,-0.296512571611293,-0.49932762890198484,-0.061138749485678094
596,-0.36022899615392157,-0.296512571611293,-0.49932762890198484,-0.061138749485678094
597,-0.36022899615392157,-0.296512571611293,-0.49932762890198484,-0.061138749485678094
598,-0.36022899615392157,-0.296512571611293,-0.49932762890198484,-0.061138749485678094
599,-0.36022899615392157,-0.296512571611293,-0.49932762890198484,-0.061138749485678094
600,-0.36022899615392157,-0.296512571611293,-0.49932762890198484,-0.061138749485678094
601,-0.36022899615392157,-0.296512571611293,-0.49932762890198484,-0.061138749485678094
602,-0.36022899615392157,-0.296512571611293,-0.49932762890198484,-0.061138749485678094
603,-0.36022899615392157,-0.296512571611293,-0.49932762890198484,-0.061138749485678094
604,-0.36022899615392157,-0.296512571611293,0.7280533321514319,-0.061138749485678094
605,-0.36022899615392157,-0.296512571611293,-0.49932762890198484,-0.061138749485678094
606,-0.36022899615392157,1.4011401137711392,1.5735824386548967,-0.061138749485678094
607,2.115129174149518,-0.296512571611293,-0.49932762890198484,-0.061138749485678094
608,-0.36022899615392157,3.664677027614382,-0.49932762890198484,-0.061138749485678094
609,-0.36022899615392157,-0.296512571611293,0.7007781996835782,-0.061138749485678094
610,-0.36022899615392157,-0.296512571611293,-0.49932762890198484,-0.061138749485678094
611,-0.36022899615392157,-0.296512571611293,1.7645083659298726,-0.061138749485678094
612,-0.36022899615392157,-0.296512571611293,-0.49932762890198484,-0.061138749485678094
613,-0.36022899615392157,-0.296512571611293,-0.49932762890198484,-0.061138749485678094
614,-0.36022899615392157,-0.296512571611293,-0.49932762890198484,-0.061138749485678094
615,-0.36022899615392157,-0.296512571611293,-0.49932762890198484,-0.061138749485678094
616,-0.36022899615392157,-0.296512571611293,1.0553549217656764,-0.061138749485678094
617,-0.36022899615392157,-0.296512571611293,-0.49932762890198484,-0.061138749485678094
618,-0.36022899615392157,-0.296512571611293,-0.49932762890198484,-0.061138749485678094
619,-0.36022899615392157,-0.296512571611293,-0.49932762890198484,-0.061138749485678094
620,-0.36022899615392157,3.664677027614382,-0.49932762890198484,-0.061138749485678094
621,-0.36022899615392157,-0.296512571611293,-0.49932762890198484,-0.061138749485678094
622,1.496289631573658,-0.296512571611293,-0.49932762890198484,-0.061138749485678094
623,-0.36022899615392157,-0.296512571611293,-0.49932762890198484,-0.061138749485678094
624,-0.36022899615392157,-0.296512571611293,-0.49932762890198484,-0.061138749485678094
625,-0.36022899615392157,-0.296512571611293,-0.49932762890198484,-0.061138749485678094
626,-0.36022899615392157,-0.296512571611293,-0.49932762890198484,-0.061138749485678094
627,-0.36022899615392157,-0.296512571611293,-0.49932762890198484,-0.061138749485678094
628,-0.36022899615392157,1.4011401137711392,0.1280004178586504,-0.061138749485678094
629,-0.36022899615392157,-0.296512571611293,-0.49932762890198484,-0.061138749485678094
630,-0.36022899615392157,-0.296512571611293,-0.49932762890198484,-0.061138749485678094
631,-0.36022899615392157,-0.296512571611293,-0.49932762890198484,-0.061138749485678094
632,-0.36022899615392157,-0.296512571611293,-0.49932762890198484,-0.061138749485678094
633,-0.36022899615392157,-0.296512571611293,1.6554078360584579,-0.061138749485678094
634,-0.36022899615392157,-0.296512571611293,-0.49932762890198484,-0.061138749485678094
635,-0.36022899615392157,-0.296512571611293,-0.49932762890198484,-0.061138749485678094
636,2.115129174149518,-0.296512571611293,1.164455451637091,-0.061138749485678094
637,-0.36022899615392157,-0.296512571611293,-0.49932762890198484,-0.061138749485678094
638,-0.36022899615392157,-0.296512571611293,-0.49932762890198484,-0.061138749485678094
639,-0.36022899615392157,-0.296512571611293,0.7280533321514319,-0.061138749485678094
640,-0.36022899615392157,-0.296512571611293,-0.49932762890198484,-0.061138749485678094
641,-0.36022899615392157,-0.296512571611293,-0.49932762890198484,-0.061138749485678094
642,-0.36022899615392157,-0.296512571611293,1.791783498397726,-0.061138749485678094
643,-0.36022899615392157,-0.296512571611293,0.2643760801979189,-0.061138749485678094
644,-0.36022899615392157,-0.296512571611293,2.364561280222654,-0.061138749485678094
645,-0.36022899615392157,-0.296512571611293,-0.49932762890198484,-0.061138749485678094
646,-0.36022899615392157,-0.296512571611293,-0.49932762890198484,-0.061138749485678094
647,-0.36022899615392157,-0.296512571611293,1.6008575711227504,-0.061138749485678094
648,-0.36022899615392157,-0.296512571611293,-0.49932762890198484,-0.061138749485678094
649,-0.36022899615392157,-0.296512571611293,-0.49932762890198484,-0.061138749485678094
650,-0.36022899615392157,-0.296512571611293,-0.49932762890198484,-0.061138749485678094
651,5.209326887028817,-0.296512571611293,-0.49932762890198484,-0.061138749485678094
652,-0.36022899615392157,-0.296512571611293,-0.49932762890198484,-0.061138749485678094
653,1.1249859060281422,4.456914947459518,1.900884028269141,-0.061138749485678094
654,-0.36022899615392157,-0.296512571611293,-0.49932762890198484,-0.061138749485678094
655,-0.36022899615392157,-0.296512571611293,-0.49932762890198484,-0.061138749485678094
656,0.700638791118981,-0.296512571611293,-0.49932762890198484,-0.061138749485678094
657,-0.36022899615392157,-0.296512571611293,-0.49932762890198484,-0.061138749485678094
658,-0.36022899615392157,3.0987927991535713,0.018899887987235575,-0.061138749485678094
659,-0.36022899615392157,-0.296512571611293,-0.49932762890198484,-0.061138749485678094
660,-0.36022899615392157,-0.296512571611293,-0.49932762890198484,-0.061138749485678094
661,-0.36022899615392157,-0.296512571611293,-0.49932762890198484,-0.061138749485678094
662,-0.36022899615392157,-0.296512571611293,-0.49932762890198484,-0.061138749485678094
663,-0.36022899615392157,-0.296512571611293,0.4007517425371874,-0.061138749485678094
664,-0.36022899615392157,-0.296512571611293,-0.49932762890198484,-0.061138749485678094
665,-0.36022899615392157,-0.296512571611293,-0.49932762890198484,-0.061138749485678094
666,-0.36022899615392157,-0.296512571611293,0.7280533321514319,-0.061138749485678094
667,-0.36022899615392157,-0.296512571611293,-0.49932762890198484,-0.061138749485678094
668,-0.36022899615392157,-0.296512571611293,-0.49932762890198484,-0.061138749485678094
669,-0.36022899615392157,-0.296512571611293,1.5190321737191894,-0.061138749485678094
670,-0.36022899615392157,-0.296512571611293,-0.49932762890198484,-0.061138749485678094
671,-0.36022899615392157,2.6743796278079635,-0.49932762890198484,-0.061138749485678094
672,-0.36022899615392157,-0.296512571611293,-0.49932762890198484,-0.061138749485678094
673,-0.36022899615392157,-0.296512571611293,-0.49932762890198484,-0.061138749485678094
674,-0.36022899615392157,-0.296512571611293,-0.49932762890198484,-0.061138749485678094
675,-0.36022899615392157,-0.296512571611293,-0.49932762890198484,-0.061138749485678094
676,-0.36022899615392157,-0.296512571611293,-0.49932762890198484,-0.061138749485678094
677,-0.36022899615392157,-0.296512571611293,-0.49932762890198484,-0.061138749485678094
678,-0.36022899615392157,-0.296512571611293,-0.49932762890198484,-0.061138749485678094
679,-0.36022899615392157,-0.296512571611293,-0.49932762890198484,-0.061138749485678094
680,-0.36022899615392157,-0.296512571611293,-0.49932762890198484,-0.061138749485678094
681,-0.36022899615392157,-0.296512571611293,-0.49932762890198484,-0.061138749485678094
682,-0.36022899615392157,-0.296512571611293,-0.49932762890198484,-0.061138749485678094
683,-0.36022899615392157,-0.296512571611293,-0.49932762890198484,-0.061138749485678094
684,-0.36022899615392157,-0.296512571611293,-0.49932762890198484,-0.061138749485678094
685,-0.36022899615392157,3.664677027614382,-0.49932762890198484,-0.061138749485678094
686,-0.36022899615392157,-0.296512571611293,-0.49932762890198484,-0.061138749485678094
687,1.496289631573658,2.6743796278079635,-0.49932762890198484,-0.061138749485678094
688,3.3528082593012374,-0.296512571611293,-0.49932762890198484,-0.061138749485678094
689,-0.36022899615392157,-0.296512571611293,-0.49932762890198484,-0.061138749485678094
690,-0.36022899615392157,-0.296512571611293,-0.49932762890198484,-0.061138749485678094
691,-0.36022899615392157,-0.296512571611293,0.1280004178586504,-0.061138749485678094
692,-0.36022899615392157,-0.296512571611293,-0.49932762890198484,-0.061138749485678094
693,-0.36022899615392157,-0.296512571611293,-0.49932762890198484,-0.061138749485678094
694,-0.36022899615392157,-0.296512571611293,-0.49932762890198484,-0.061138749485678094
695,-0.36022899615392157,-0.296512571611293,-0.49932762890198484,-0.061138749485678094
696,-0.36022899615392157,-0.296512571611293,-0.49932762890198484,-0.061138749485678094
697,-0.36022899615392157,-0.296512571611293,-0.49932762890198484,-0.061138749485678094
698,-0.36022899615392157,-0.296512571611293,-0.49932762890198484,-0.061138749485678094
699,-0.36022899615392157,-0.296512571611293,-0.4720524964341311,-0.061138749485678094
700,-0.36022899615392157,2.0802011879241125,-0.49932762890198484,-0.061138749485678094
701,0.700638791118981,-0.296512571611293,1.464481908783482,-0.061138749485678094
702,-0.36022899615392157,-0.296512571611293,-0.49932762890198484,-0.061138749485678094
703,-0.36022899615392157,-0.296512571611293,1.0008046568299689,-0.061138749485678094
704,3.883242152937689,-0.296512571611293,3.8919686984224615,-0.061138749485678094
705,-0.36022899615392157,-0.296512571611293,-0.49932762890198484,-0.061138749485678094
706,-0.36022899615392157,-0.296512571611293,2.0372596906084097,-0.061138749485678094
707,-0.36022899615392157,-0.296512571611293,-0.49932762890198484,-0.061138749485678094
708,-0.36022899615392157,2.6743796278079635,1.5463073061870432,-0.061138749485678094
709,-0.36022899615392157,-0.296512571611293,2.855513664644021,-0.061138749485678094
710,-0.36022899615392157,-0.296512571611293,-0.49932762890198484,-0.061138749485678094
711,-0.36022899615392157,3.664677027614382,1.6281327035906041,-0.061138749485678094
712,-0.36022899615392157,-0.296512571611293,2.146360220479824,-0.061138749485678094
713,-0.36022899615392157,-0.296512571611293,-0.49932762890198484,-0.061138749485678094
714,-0.36022899615392157,-0.296512571611293,-0.49932762890198484,-0.061138749485678094
715,-0.36022899615392157,-0.296512571611293,-0.49932762890198484,-0.061138749485678094
716,-0.36022899615392157,-0.296512571611293,-0.49932762890198484,-0.061138749485678094
717,2.115129174149518,-0.296512571611293,-0.49932762890198484,-0.061138749485678094
718,-0.36022899615392157,-0.296512571611293,-0.49932762890198484,-0.061138749485678094
719,-0.36022899615392157,-0.296512571611293,-0.49932762890198484,-0.061138749485678094
720,-0.36022899615392157,-0.296512571611293,2.0645348230762632,-0.061138749485678094
721,-0.36022899615392157,-0.296512571611293,-0.49932762890198484,-0.061138749485678094
722,-0.36022899615392157,-0.296512571611293,-0.49932762890198484,-0.061138749485678094
723,-0.36022899615392157,-0.296512571611293,-0.49932762890198484,-0.061138749485678094
724,-0.36022899615392157,-0.296512571611293,1.4372067763156282,-0.061138749485678094
725,-0.36022899615392157,-0.296512571611293,1.1371803191692376,-0.061138749485678094
726,-0.36022899615392157,-0.296512571611293,-0.49932762890198484,-0.061138749485678094
727,-0.36022899615392157,-0.296512571611293,-0.49932762890198484,-0.061138749485678094
728,-0.36022899615392157,-0.296512571611293,-0.49932762890198484,-0.061138749485678094
729,-0.36022899615392157,-0.296512571611293,-0.49932762890198484,-0.061138749485678094
730,-0.36022899615392157,-0.296512571611293,-0.49932762890198484,-0.061138749485678094
731,2.115129174149518,-0.296512571611293,-0.49932762890198484,-0.061138749485678094
732,-0.36022899615392157,-0.296512571611293,-0.49932762890198484,-0.061138749485678094
733,-0.36022899615392157,-0.296512571611293,0.5371274048764559,-0.061138749485678094
734,-0.36022899615392157,-0.296512571611293,-0.49932762890198484,-0.061138749485678094
735,-0.36022899615392157,-0.296512571611293,-0.49932762890198484,-0.061138749485678094
